{
    "mu": 0.026293338326968944,
    "sigma": 0.28419498727689974,
    "kurtosis": 1.546349586043906,
    "winsor_lower": -0.7793911991167959,
    "winsor_upper": 0.920403870710903
}