{
    "mu": 0.002681342062164641,
    "sigma": 0.15143472580829395,
    "kurtosis": 1.2253361558592175,
    "winsor_lower": -0.3680325158967634,
    "winsor_upper": 0.5005555943188378
}