{
    "mu": 0.005872653589342836,
    "sigma": 0.11610904801299203,
    "kurtosis": 1.2143338620979982,
    "winsor_lower": -0.3132852609445682,
    "winsor_upper": 0.39684249400506727
}