{
    "mu": 0.005534943868132189,
    "sigma": 0.10364575415676794,
    "kurtosis": 0.565808414302905,
    "winsor_lower": -0.28249974477239304,
    "winsor_upper": 0.2849222954793501
}