{
    "mu": -0.005484428169546204,
    "sigma": 0.15621174069140617,
    "kurtosis": 1.6942738585677244,
    "winsor_lower": -0.5265152150046465,
    "winsor_upper": 0.4394342626873829
}