{
    "mu": -0.0002729091067261656,
    "sigma": 0.06679075156986301,
    "kurtosis": 1.1258818662670604,
    "winsor_lower": -0.14717393935341602,
    "winsor_upper": 0.2192849696288739
}