{
    "mu": 0.01820612557962076,
    "sigma": 0.22294099988724111,
    "kurtosis": 2.0760224677862142,
    "winsor_lower": -0.748402383164764,
    "winsor_upper": 0.7155007487817695
}