{
    "mu": 0.001023409012808563,
    "sigma": 0.12914014962516993,
    "kurtosis": 0.7555802965994847,
    "winsor_lower": -0.3992346573479916,
    "winsor_upper": 0.30118062287845543
}