{
    "mu": 0.0012705984652266237,
    "sigma": 0.15924533824275186,
    "kurtosis": 0.5691280182631209,
    "winsor_lower": -0.39619620731830824,
    "winsor_upper": 0.47423600494998874
}