{
    "mu": -0.0060304201330441875,
    "sigma": 0.28505621812925497,
    "kurtosis": 1.2137363773398144,
    "winsor_lower": -0.9507172978350726,
    "winsor_upper": 0.6463879303052663
}