{
    "mu": -0.002351572508250541,
    "sigma": 0.09708979195503387,
    "kurtosis": 0.7237462155293941,
    "winsor_lower": -0.3189799124635989,
    "winsor_upper": 0.213808363989001
}