{
    "mu": 0.009757342095053568,
    "sigma": 0.1667822690559517,
    "kurtosis": 1.8693914778532568,
    "winsor_lower": -0.520867003078451,
    "winsor_upper": 0.563100743495533
}