{
    "mu": 0.0019953120697513197,
    "sigma": 0.10338034982724724,
    "kurtosis": 1.4910186426146437,
    "winsor_lower": -0.2847551614396185,
    "winsor_upper": 0.33598513017860737
}