{
    "mu": -0.000767790473509967,
    "sigma": 0.16450690606928084,
    "kurtosis": 0.5841979327098277,
    "winsor_lower": -0.4736428022908737,
    "winsor_upper": 0.4246731752174082
}