{
    "mu": 0.006899007201414851,
    "sigma": 0.12785209017613625,
    "kurtosis": 0.9540209839706866,
    "winsor_lower": -0.37053914450938435,
    "winsor_upper": 0.3590788652245529
}