{
    "mu": 0.011232768110956628,
    "sigma": 0.1284172941527768,
    "kurtosis": 2.426450480439593,
    "winsor_lower": -0.2999578786524953,
    "winsor_upper": 0.49461628417228926
}