{
    "mu": 0.0011212393022257397,
    "sigma": 0.08364494909413003,
    "kurtosis": 0.6541696205422838,
    "winsor_lower": -0.2197314622475687,
    "winsor_upper": 0.24865304790829038
}