{
    "mu": -0.002752891092872429,
    "sigma": 0.12896885573720965,
    "kurtosis": -0.13949204026217998,
    "winsor_lower": -0.31436385428338015,
    "winsor_upper": 0.303830054364465
}