{
    "mu": -0.005311628010110502,
    "sigma": 0.14061217895201597,
    "kurtosis": 0.7517062658594513,
    "winsor_lower": -0.3923313466613043,
    "winsor_upper": 0.3894525468053981
}