{
    "mu": 0.007507577866165411,
    "sigma": 0.14593784725859066,
    "kurtosis": 0.8588240919814876,
    "winsor_lower": -0.4116577077865239,
    "winsor_upper": 0.4323066483022612
}