{
    "mu": 0.002195381922865209,
    "sigma": 0.16030700943192902,
    "kurtosis": 0.4261021361320645,
    "winsor_lower": -0.4340328861720934,
    "winsor_upper": 0.4223762991413949
}