{
    "mu": -0.0011640886022008241,
    "sigma": 0.08164563580325758,
    "kurtosis": 0.5152696472393847,
    "winsor_lower": -0.22690468142865922,
    "winsor_upper": 0.22420311833620787
}