{
    "mu": -0.0033804942023468697,
    "sigma": 0.17579694102367588,
    "kurtosis": 1.2948069117511238,
    "winsor_lower": -0.5428429624420968,
    "winsor_upper": 0.49550255369476226
}