{
    "mu": 0.005072126882453562,
    "sigma": 0.1279277821321512,
    "kurtosis": 0.10614500056604959,
    "winsor_lower": -0.3381958012064141,
    "winsor_upper": 0.3169417878932421
}