{
    "mu": 0.012177868380424797,
    "sigma": 0.1514247276001521,
    "kurtosis": 1.2235987714128438,
    "winsor_lower": -0.347169738545886,
    "winsor_upper": 0.5048419503498741
}