{
    "mu": 0.008540819439908946,
    "sigma": 0.1115815964694022,
    "kurtosis": 1.2926236628529102,
    "winsor_lower": -0.26073496234865684,
    "winsor_upper": 0.39033242471745777
}