{
    "mu": -0.02034796561263282,
    "sigma": 0.1751676130645531,
    "kurtosis": 0.9547638587601779,
    "winsor_lower": -0.5461357004601257,
    "winsor_upper": 0.4322982896283157
}