{
    "mu": -0.0006510682338825206,
    "sigma": 0.058544391705162915,
    "kurtosis": -0.1376142458314633,
    "winsor_lower": -0.1385752551739007,
    "winsor_upper": 0.13408442776756724
}