{
    "mu": 0.003273023270044596,
    "sigma": 0.10411618497511309,
    "kurtosis": 1.5861546783152347,
    "winsor_lower": -0.28669290218018145,
    "winsor_upper": 0.34722184779733156
}