{
    "mu": 0.0020269594407325738,
    "sigma": 0.10065498091482578,
    "kurtosis": 0.08193800019568664,
    "winsor_lower": -0.23522462757131857,
    "winsor_upper": 0.2753534512846806
}