{
    "mu": 0.0002577461735244076,
    "sigma": 0.19036046179539995,
    "kurtosis": 1.0819616087054111,
    "winsor_lower": -0.6412936981115497,
    "winsor_upper": 0.4701026763748185
}