{
    "mu": 0.0038486628577978146,
    "sigma": 0.15772939846421158,
    "kurtosis": 0.37033531381122353,
    "winsor_lower": -0.3843405188685583,
    "winsor_upper": 0.4412697941939683
}