{
    "mu": 0.005705234885958151,
    "sigma": 0.10130410052940074,
    "kurtosis": 0.6048828753826521,
    "winsor_lower": -0.2645582280238365,
    "winsor_upper": 0.27799375922931896
}