{
    "mu": 0.0007405538131209666,
    "sigma": 0.11565100929070636,
    "kurtosis": 1.5596761473365994,
    "winsor_lower": -0.29093986626182256,
    "winsor_upper": 0.3965359274482768
}