{
    "LjungBox_p_lag5": 0.5348609087101516,
    "LjungBox_p_lag10": 0.5690466175311866,
    "LjungBox_p_lag20": 0.8735334752765187,
    "LjungBox_p_lag40": 0.7472413296025595,
    "ARCH_LM_p": 0.5609428986903054,
    "Jarque_Bera_p": 6.793483574262149e-10,
    "Shapiro_p": 0.0006630937822741188,
    "Skewness": 0.15877722906919467,
    "Kurtosis": 1.417058156629801,
    "KPSS_p": 0.1
}