{
    "mu": 0.0021898814267663456,
    "sigma": 0.17073556273652993,
    "kurtosis": 68.61505028842996
}