{
    "mu": 2.1765378989819788e-05,
    "sigma": 0.0017075843689602045,
    "kurtosis": 68.62529942326351
}